"","sample","PC1","PC2","label","tissue","diet","batch"
"1","00Query-00Query-VEH1W",-2.49231388806314,3.59273773147536,"NA-NA",NA,NA,"00Query"
"2","Haas2021-Haas2021-X.10..TP_Thermogenesis_RT_B.PG.Quantity",2.02185581142839,7.05438086355978,"BAT-High Fat Diet","BAT","HFD","Haas2021"
"3","Haas2021-Haas2021-X.11..TP_Thermogenesis_RT_C.PG.Quantity",-10.0702548767725,9.2297344786205,"BAT-High Fat Diet","BAT","HFD","Haas2021"
"4","Haas2021-Haas2021-X.12..TP_Thermogenesis_RT_D.PG.Quantity",9.03699788759369,0.282948651790522,"BAT-High Fat Diet","BAT","HFD","Haas2021"
"5","Haas2021-Haas2021-X.9..TP_Thermogenesis_RT_A.PG.Quantity",-0.854670049101418,7.60930800286013,"BAT-High Fat Diet","BAT","HFD","Haas2021"
"6","Haas2022-Haas2022-X.10..2022_TP_Thermogenesis_RT_B.PG.Quantity",36.1422099267143,-1.08746309612099,"BAT-High Fat Diet","BAT","HFD","Haas2022"
"7","Haas2022-Haas2022-X.11..2022_TP_Thermogenesis_RT_C.PG.Quantity",-22.5142350282999,11.1467232855695,"BAT-High Fat Diet","BAT","HFD","Haas2022"
"8","Haas2022-Haas2022-X.12..2022_TP_Thermogenesis_RT_D.PG.Quantity",-35.5611750192432,9.87343038405892,"BAT-High Fat Diet","BAT","HFD","Haas2022"
"9","Haas2022-Haas2022-X.9..2022_TP_Thermogenesis_RT_A.PG.Quantity",14.9069632197745,2.97907672491618,"BAT-High Fat Diet","BAT","HFD","Haas2022"
"10","Harney-Harney-LFQ.intensity.DH_EXP169_Bfat_AdLib_Fed_1",8.18798312735533,1.36368212189263,"BAT-AdLib","BAT","CD","Harney"
"11","Harney-Harney-LFQ.intensity.DH_EXP169_Bfat_AdLib_Fed_2",-7.24427032202517,-4.18802715841871,"BAT-AdLib","BAT","CD","Harney"
"12","Harney-Harney-LFQ.intensity.DH_EXP169_Bfat_AdLib_Fed_3",-1.78349005663603,2.28091963680132,"BAT-AdLib","BAT","CD","Harney"
"13","Harney-Harney-LFQ.intensity.DH_EXP169_Bfat_AdLib_Fed_4",-5.62771552684756,4.56030834586305,"BAT-AdLib","BAT","CD","Harney"
"14","Harney-Harney-LFQ.intensity.DH_EXP169_Bfat_AdLib_Fed_5",10.2776368623632,5.71754147362358,"BAT-AdLib","BAT","CD","Harney"
"15","Johanna-Johanna-LFQ intensity 4442_22_PBS_m",-1.8600572026753,5.24279304156105,"iWAT-Standard Diet","iWAT","CD","Johanna"
"16","Johanna-Johanna-LFQ intensity 4443_22_PBS_m",-15.9419957494553,0.106339156151563,"iWAT-Standard Diet","iWAT","CD","Johanna"
"17","Johanna-Johanna-LFQ intensity 4444_22_PBS_f",-19.1844992645293,1.02841167366404,"iWAT-Standard Diet","iWAT","CD","Johanna"
"18","Johanna-Johanna-LFQ intensity 4445_22_PBS_f",14.1926617362152,-4.95603708685238,"iWAT-Standard Diet","iWAT","CD","Johanna"
"19","Johanna-Johanna-LFQ intensity 4446_22_PBS_f",61.8280219095434,-15.6717812338795,"iWAT-Standard Diet","iWAT","CD","Johanna"
"20","Johanna-Johanna-LFQ intensity 4453_22_PBS_f",-17.7235829706389,-5.90227253600133,"iWAT-Standard Diet","iWAT","CD","Johanna"
"21","Johanna-Johanna-LFQ intensity 4454_22_PBS_f",-28.7558345555788,-2.26459142242203,"iWAT-Standard Diet","iWAT","CD","Johanna"
"22","Johanna-Johanna-LFQ intensity 4455_22_PBS_f",-7.02325531065953,-9.88690479727243,"iWAT-Standard Diet","iWAT","CD","Johanna"
"23","Johanna-Johanna-LFQ intensity 4456_22_PBS_m",31.4792536770661,9.31441438063817,"iWAT-Standard Diet","iWAT","CD","Johanna"
"24","Johanna-Johanna-LFQ intensity 4457_22_PBS_m",-5.89866047998166,-0.352713521902536,"iWAT-Standard Diet","iWAT","CD","Johanna"
"25","Johanna-Johanna-LFQ intensity 4458_22_PBS_m",8.37838628288545,-4.31440288632236,"iWAT-Standard Diet","iWAT","CD","Johanna"
"26","KristinaeWAT-KristinaeWAT-LFQ intensity CD_eWAT_1_1857",3.06214900355522,-15.7920638409655,"eWAT-Standard Diet","eWAT","CD","KristinaeWAT"
"27","KristinaeWAT-KristinaeWAT-LFQ intensity CD_eWAT_2_2127",9.69586429233689,-5.68090425091015,"eWAT-Standard Diet","eWAT","CD","KristinaeWAT"
"28","KristinaeWAT-KristinaeWAT-LFQ intensity CD_eWAT_3_2145",34.2780829547409,-12.6932357066624,"eWAT-Standard Diet","eWAT","CD","KristinaeWAT"
"29","KristinaeWAT-KristinaeWAT-LFQ intensity CD_eWAT_4_3253",14.9215430031315,-9.0830361830717,"eWAT-Standard Diet","eWAT","CD","KristinaeWAT"
"30","KristinaeWAT-KristinaeWAT-LFQ intensity CD_eWAT_5_4222",11.8819185399213,-12.790634963336,"eWAT-Standard Diet","eWAT","CD","KristinaeWAT"
"31","KristinaeWAT-KristinaeWAT-LFQ intensity HFD_CD_eWAT_1_1096",5.19271512173048,-10.9097929013077,"eWAT-HFDCD","eWAT","HFDCD","KristinaeWAT"
"32","KristinaeWAT-KristinaeWAT-LFQ intensity HFD_CD_eWAT_2_1544",-9.75416041665109,-11.5978082754839,"eWAT-HFDCD","eWAT","HFDCD","KristinaeWAT"
"33","KristinaeWAT-KristinaeWAT-LFQ intensity HFD_CD_eWAT_3_2005",25.8339859802051,-12.0706526183996,"eWAT-HFDCD","eWAT","HFDCD","KristinaeWAT"
"34","KristinaeWAT-KristinaeWAT-LFQ intensity HFD_CD_eWAT_4_3416",18.3140919699338,-12.7478509737498,"eWAT-HFDCD","eWAT","HFDCD","KristinaeWAT"
"35","KristinaeWAT-KristinaeWAT-LFQ intensity HFD_CD_eWAT_5_4224",-0.228679909337146,-8.47596511848418,"eWAT-HFDCD","eWAT","HFDCD","KristinaeWAT"
"36","KristinaeWAT-KristinaeWAT-LFQ intensity HFD_eWAT_1_1106",-10.1137253128111,-7.70135829915206,"eWAT-High Fat Diet","eWAT","HFD","KristinaeWAT"
"37","KristinaeWAT-KristinaeWAT-LFQ intensity HFD_eWAT_2_1541",-18.0779488860179,-8.83301077819644,"eWAT-High Fat Diet","eWAT","HFD","KristinaeWAT"
"38","KristinaeWAT-KristinaeWAT-LFQ intensity HFD_eWAT_3_2002",-14.6079268537417,-10.0835650594543,"eWAT-High Fat Diet","eWAT","HFD","KristinaeWAT"
"39","KristinaeWAT-KristinaeWAT-LFQ intensity HFD_eWAT_4_3421",-9.88234175280974,-6.95180667625426,"eWAT-High Fat Diet","eWAT","HFD","KristinaeWAT"
"40","KristinaeWAT-KristinaeWAT-LFQ intensity HFD_eWAT_5_4226",-12.9713659269825,-6.84639881879124,"eWAT-High Fat Diet","eWAT","HFD","KristinaeWAT"
"41","KristinaiWAT-KristinaiWAT-LFQ intensity CD_iWAT_1_1427",-1.12122601708771,-13.2139880561234,"iWAT-Standard Diet","iWAT","CD","KristinaiWAT"
"42","KristinaiWAT-KristinaiWAT-LFQ intensity CD_iWAT_2_1857",-14.9487914528306,-13.0665958480837,"iWAT-Standard Diet","iWAT","CD","KristinaiWAT"
"43","KristinaiWAT-KristinaiWAT-LFQ intensity CD_iWAT_3_2127",9.61470918829546,-4.01913703068004,"iWAT-Standard Diet","iWAT","CD","KristinaiWAT"
"44","KristinaiWAT-KristinaiWAT-LFQ intensity CD_iWAT_4_2145",27.1773878148432,3.01131209892952,"iWAT-Standard Diet","iWAT","CD","KristinaiWAT"
"45","KristinaiWAT-KristinaiWAT-LFQ intensity CD_iWAT_5_3253",2.64583566262834,-10.2083709290032,"iWAT-Standard Diet","iWAT","CD","KristinaiWAT"
"46","KristinaiWAT-KristinaiWAT-LFQ intensity CD_iWAT_6_4222",9.15304762746275,-12.0375864658739,"iWAT-Standard Diet","iWAT","CD","KristinaiWAT"
"47","KristinaiWAT-KristinaiWAT-LFQ intensity HFD_CD_iWAT_1_1096",10.1437958391901,-18.6677718459694,"iWAT-HFDCD","iWAT","HFDCD","KristinaiWAT"
"48","KristinaiWAT-KristinaiWAT-LFQ intensity HFD_CD_iWAT_2_1544",1.0814326449058,-10.9092279556115,"iWAT-HFDCD","iWAT","HFDCD","KristinaiWAT"
"49","KristinaiWAT-KristinaiWAT-LFQ intensity HFD_CD_iWAT_3_2005",14.7271099758048,-0.702325054666546,"iWAT-HFDCD","iWAT","HFDCD","KristinaiWAT"
"50","KristinaiWAT-KristinaiWAT-LFQ intensity HFD_CD_iWAT_4_2179",19.2564170540091,4.34548810026079,"iWAT-HFDCD","iWAT","HFDCD","KristinaiWAT"
"51","KristinaiWAT-KristinaiWAT-LFQ intensity HFD_CD_iWAT_5_3416",7.73718327263504,-18.105544702806,"iWAT-HFDCD","iWAT","HFDCD","KristinaiWAT"
"52","KristinaiWAT-KristinaiWAT-LFQ intensity HFD_CD_iWAT_6_4224",3.23094477521319,-16.5914692500209,"iWAT-HFDCD","iWAT","HFDCD","KristinaiWAT"
"53","KristinaiWAT-KristinaiWAT-LFQ intensity HFD_iWAT_1_1106",5.99571891363091,-19.3968938889738,"iWAT-High Fat Diet","iWAT","HFD","KristinaiWAT"
"54","KristinaiWAT-KristinaiWAT-LFQ intensity HFD_iWAT_2_1541",-6.73853826031024,-9.63080619175185,"iWAT-High Fat Diet","iWAT","HFD","KristinaiWAT"
"55","KristinaiWAT-KristinaiWAT-LFQ intensity HFD_iWAT_3_2002",-7.04169056842884,-11.5246992165837,"iWAT-High Fat Diet","iWAT","HFD","KristinaiWAT"
"56","KristinaiWAT-KristinaiWAT-LFQ intensity HFD_iWAT_4_2172",1.0304848395115,-3.38315575219136,"iWAT-High Fat Diet","iWAT","HFD","KristinaiWAT"
"57","KristinaiWAT-KristinaiWAT-LFQ intensity HFD_iWAT_5_3421",-3.90710273537176,-10.9282810765897,"iWAT-High Fat Diet","iWAT","HFD","KristinaiWAT"
"58","KristinaiWAT-KristinaiWAT-LFQ intensity HFD_iWAT_6_4226",-4.19289293547138,-19.4206153311869,"iWAT-High Fat Diet","iWAT","HFD","KristinaiWAT"
"59","Melina-Melina-Cold1",10.5542215197968,16.0405046693779,"BAT-CD","BAT","CD","Melina"
"60","Melina-Melina-Cold2",14.4760291942992,16.1404901687392,"BAT-CD","BAT","CD","Melina"
"61","Melina-Melina-Cold3",7.36947436946711,14.5645662998091,"BAT-CD","BAT","CD","Melina"
"62","Melina-Melina-Cold4",9.53077336355547,15.2584256190763,"BAT-CD","BAT","CD","Melina"
"63","Melina-Melina-Cold5",5.20910197135462,19.603998117963,"BAT-CD","BAT","CD","Melina"
"64","Melina-Melina-Cold6",3.66835472456603,14.2122147158761,"BAT-CD","BAT","CD","Melina"
"65","Melina-Melina-RT1",-40.44000106235,-15.5372626643937,"BAT-CD","BAT","CD","Melina"
"66","Melina-Melina-RT2",-34.0946040587788,-10.5745369743828,"BAT-CD","BAT","CD","Melina"
"67","Melina-Melina-RT3",-2.56384682839435,4.40901375727666,"BAT-CD","BAT","CD","Melina"
"68","Melina-Melina-RT4",-5.55101509923985,9.87882553544942,"BAT-CD","BAT","CD","Melina"
"69","Melina-Melina-RT5",2.72879197471624,10.4060171531123,"BAT-CD","BAT","CD","Melina"
"70","Melina-Melina-RT6",0.753607653808955,11.2232630851166,"BAT-CD","BAT","CD","Melina"
"71","Oeckl-Oeckl-iBAT.T23.WT_1",0.617940214680559,13.2436053487992,"BAT-Standard Diet","BAT","CD","Oeckl"
"72","Oeckl-Oeckl-iBAT.T23.WT_2",0.626845251104119,13.2752704691385,"BAT-Standard Diet","BAT","CD","Oeckl"
"73","Oeckl-Oeckl-iBAT.T23.WT_3",1.18239835898259,13.7451422423174,"BAT-Standard Diet","BAT","CD","Oeckl"
"74","Oeckl-Oeckl-iBAT.T23.WT_4",2.24531376134155,14.7157268954448,"BAT-Standard Diet","BAT","CD","Oeckl"
"75","Oeckl-Oeckl-iWAT.T23.WT_1",-6.83651714732027,-2.97879330171469,"iWAT-Standard Diet","iWAT","CD","Oeckl"
"76","Oeckl-Oeckl-iWAT.T23.WT_2",-9.01671972692965,-3.89421459803368,"iWAT-Standard Diet","iWAT","CD","Oeckl"
"77","Oeckl-Oeckl-iWAT.T23.WT_3",-6.38953638953445,-1.42712369177225,"iWAT-Standard Diet","iWAT","CD","Oeckl"
"78","Oeckl-Oeckl-iWAT.T23.WT_4",-7.96632915507959,-2.49757767061241,"iWAT-Standard Diet","iWAT","CD","Oeckl"
"79","Rhabi-Rhabi-VEH1B",-0.10439947202763,5.76262051300093,"BAT-High Fat Diet","BAT","HFD","Rhabi"
"80","Rhabi-Rhabi-VEH1W",-4.83409012362672,2.10692915988981,"iWAT-High Fat Diet","iWAT","HFD","Rhabi"
"81","Rhabi-Rhabi-VEH2B",-0.00497870563436655,5.6678017137272,"BAT-High Fat Diet","BAT","HFD","Rhabi"
"82","Rhabi-Rhabi-VEH2W",-4.96839679836322,2.1558211990531,"iWAT-High Fat Diet","iWAT","HFD","Rhabi"
"83","Rhabi-Rhabi-VEH3B",0.0559183513674966,5.76588859802654,"BAT-High Fat Diet","BAT","HFD","Rhabi"
"84","Rhabi-Rhabi-VEH3W",-4.8383680162441,2.12895359688878,"iWAT-High Fat Diet","iWAT","HFD","Rhabi"
"85","Rhabi-Rhabi-VEH4B",0.0596070323538597,5.69066108443243,"BAT-High Fat Diet","BAT","HFD","Rhabi"
"86","Rhabi-Rhabi-VEH4W",-4.66250068113946,2.10383245525742,"iWAT-High Fat Diet","iWAT","HFD","Rhabi"
"87","Rhabi-Rhabi-VEH5B",0.079312683627716,5.7936541497493,"BAT-High Fat Diet","BAT","HFD","Rhabi"
"88","Rhabi-Rhabi-VEH5W",-4.92066116123286,2.04579313053035,"iWAT-High Fat Diet","iWAT","HFD","Rhabi"
"89","WangBAT-WangBAT-Intensity of BAT_CD1",-5.90365432902915,4.13523627895562,"BAT-Standard Diet","BAT","CD","WangBAT"
"90","WangBAT-WangBAT-Intensity of BAT_CD2",-5.78709304371028,3.99126269684544,"BAT-Standard Diet","BAT","CD","WangBAT"
"91","WangBAT-WangBAT-Intensity of BAT_CD3",-3.46325912559589,5.53990987464706,"BAT-Standard Diet","BAT","CD","WangBAT"
"92","WangBAT-WangBAT-Intensity of BAT_CD4",4.40291805837122,4.54086971658932,"BAT-Standard Diet","BAT","CD","WangBAT"
"93","WangBAT-WangBAT-Intensity of BAT_CD5",5.01607705869439,5.4491680190662,"BAT-Standard Diet","BAT","CD","WangBAT"
"94","WangBAT-WangBAT-Intensity of BAT_HFD1",-4.62579872781103,8.7536544046187,"BAT-High Fat Diet","BAT","HFD","WangBAT"
"95","WangBAT-WangBAT-Intensity of BAT_HFD2",2.90422890544076,8.60924003766183,"BAT-High Fat Diet","BAT","HFD","WangBAT"
"96","WangBAT-WangBAT-Intensity of BAT_HFD3",8.48842428013954,9.3795246683574,"BAT-High Fat Diet","BAT","HFD","WangBAT"
"97","WangBAT-WangBAT-Intensity of BAT_HFD4",-0.976928669577323,9.51541850999446,"BAT-High Fat Diet","BAT","HFD","WangBAT"
"98","WangBAT-WangBAT-Intensity of BAT_HFD5",-2.61694933171988,11.5284268141973,"BAT-High Fat Diet","BAT","HFD","WangBAT"
"99","WangWAT-WangWAT-Intensity of sWAT_CD1",6.31864975469051,6.77501852979568,"WAT-Standard Diet","WAT","CD","WangWAT"
"100","WangWAT-WangWAT-Intensity of sWAT_CD2",6.38701140852454,4.39109178573204,"WAT-Standard Diet","WAT","CD","WangWAT"
"101","WangWAT-WangWAT-Intensity of sWAT_CD3",-0.278305310443024,4.7619579377498,"WAT-Standard Diet","WAT","CD","WangWAT"
"102","WangWAT-WangWAT-Intensity of sWAT_CD4",-2.26853737328302,7.9224272159481,"WAT-Standard Diet","WAT","CD","WangWAT"
"103","WangWAT-WangWAT-Intensity of sWAT_CD5",-3.70054680778498,7.87288530095994,"WAT-Standard Diet","WAT","CD","WangWAT"
"104","WangWAT-WangWAT-Intensity of sWAT_HFD1",-11.1961233227462,-4.23089480303967,"WAT-High Fat Diet","WAT","HFD","WangWAT"
"105","WangWAT-WangWAT-Intensity of sWAT_HFD2",-3.40516027866879,-6.67033822030791,"WAT-High Fat Diet","WAT","HFD","WangWAT"
"106","WangWAT-WangWAT-Intensity of sWAT_HFD3",-3.47917508211218,-8.67640684634793,"WAT-High Fat Diet","WAT","HFD","WangWAT"
"107","WangWAT-WangWAT-Intensity of sWAT_HFD4",-11.6603831933828,-5.880483007559,"WAT-High Fat Diet","WAT","HFD","WangWAT"
"108","WangWAT-WangWAT-Intensity of sWAT_HFD5",-10.4044949376753,-6.93922321504323,"WAT-High Fat Diet","WAT","HFD","WangWAT"
"109","Williams-Williams-Whole CellBAT_101",-8.77234378836302,7.5123480662143,"BAT-Standard Diet","BAT","CD","Williams"
"110","Williams-Williams-Whole CellBAT_45",-2.88734830619997,6.72092121547825,"BAT-Standard Diet","BAT","CD","Williams"
"111","Williams-Williams-Whole CellBAT_66",-7.96133396433704,3.80044771909549,"BAT-Standard Diet","BAT","CD","Williams"
"112","Williams-Williams-Whole CellBAT_68",-1.94251837792778,4.26555352717693,"BAT-Standard Diet","BAT","CD","Williams"
"113","Williams-Williams-Whole CellBAT_73",1.09563916661361,4.74174973392881,"BAT-Standard Diet","BAT","CD","Williams"
"114","Williams-Williams-Whole CellBAT_80",0.429751453887325,6.1386399382208,"BAT-Standard Diet","BAT","CD","Williams"
"115","Williams-Williams-Whole CellBAT_C57",0.788226679040809,5.13705045788811,"BAT-Standard Diet","BAT","CD","Williams"
"116","Williams-Williams-Whole CellBAT_DBA",-1.77068638042803,5.83422951332429,"BAT-Standard Diet","BAT","CD","Williams"
